client_id,renda,idade,emprÃ©stimo
1,66155.9250950813,59,8106.53213128514
2,34415.1539658196,48,6564.745017677379
3,57317.1700630337,63,8020.953296386469
4,42709.534200839706,46,6103.642260140699
5,66952.68884534019,19,8770.09923520439
6,24904.064140282597,57,15.498598437827198
7,48430.3596126847,27,5722.58198121271
8,24500.1419843175,33,2971.00330971188
9,40654.8925372772,55,4755.8252798016
10,25075.872770976297,40,1409.23037111453
11,64131.4153722487,26,4351.0289707232505
12,59436.847122851796,60,9254.24453803174
13,61050.3460792825,26,5893.26465933928
14,27267.9954580963,62,4759.7875810455
15,63061.960174236396,39,1850.36937703064
16,50501.7266888171,-28,3977.2874324738395
17,43548.6547113396,40,3935.5444533423497
18,43378.1751943752,61,3277.7375531263
19,20542.365072760702,62,3157.4422899706606
20,58887.3575488105,26,4965.51606626419
21,23000.7840017788,32,1148.11805715996
22,32197.6207010448,-52,4244.057136123401
23,23329.3194137514,49,222.622298697307
24,27845.8008938469,52,4959.92122589578
25,65301.9840293564,49,5465.26788565462
26,47451.6301229596,27,5361.28271628474
27,63287.038907874405,-36,9595.28628892989
28,45727.4598698132,56,6376.82294883561
29,59417.805406265,40,2082.62593812344
30,58842.8913080133,55,10871.1867897838
31,48528.8527957164,40,6155.78467025544
32,23526.3025551103,40,2862.0101387461
33,67252.9006074183,38,4221.30315714475
34,58886.8512935005,39,7271.552032470579
35,57584.9737902172,37,1728.4237547148
36,26289.9723066948,21,341.146965986397
37,25952.3814707063,58,2109.2007717368697
38,32464.091880247,50,4326.70507344396
39,60921.0631041788,19,968.836382674606
40,26578.5366925411,33,3489.84313638823
41,66260.1215578616,33,7035.58910734261
42,58787.455239798895,63,4167.78672391926
43,62545.7087112591,49,4362.90581198044
44,24381.9534475915,25,4227.0189863608
45,67852.1058685146,47,5730.588251384711
46,41725.6128555164,18,1185.2146998461901
47,41896.9715991989,47,4892.209733649001
48,44379.7296541743,50,1814.33508159906
49,28416.899375151803,58,1788.97373591901
50,68427.163111046,46,1658.0702332123599
51,35975.7949295454,36,6610.36617887751
52,57596.3540980592,29,3344.38440143163
53,29681.8830934353,55,1745.87167418898
54,51656.938674859695,48,7158.13906028943
55,24912.8426820971,49,267.696298601759
56,47761.8240681477,50,5549.799127875761
57,22248.1792024337,23,4364.9752805952
58,29724.4768752716,32,3075.34572793243
59,52143.8236744143,21,2393.0996785886
60,56577.7228609659,37,5947.42172129888
61,37660.770716611296,54,2129.59716481131
62,37403.7953955121,48,2044.04704534067
63,31652.6937345043,62,5151.07044539045
64,32727.700732648398,34,1087.91936375134
65,69078.6048118025,25,4076.58391416475
66,40622.194872703396,42,4949.90233344449
67,37521.0171728395,61,8.01207624713557
68,30735.808499157403,22,5946.822296779959
69,24857.6948815025,22,2692.1634585589
70,33180.2015937865,50,4621.99774242203
71,66628.2600886188,52,5992.885092439251
72,38564.932129811496,21,5604.16999048292
73,33704.5084964484,33,5898.0008931423
74,57018.484831787595,45,3507.25216607221
75,40526.9027850591,29,2119.98491147902
76,50827.9805234633,51,1765.98333716344
77,40775.8115953766,60,1922.6100223272501
78,55467.151412740306,57,9226.902040898041
79,38789.0293891542,61,7650.65520988095
80,58074.8401279561,50,7388.02443997422
81,57814.1063381918,44,7252.120003970849
82,45190.729182213494,54,7893.55988850644
83,36801.9071803428,43,5406.34492649729
84,68811.7794157006,24,4211.30261071966
85,30483.2955286838,34,4514.0097801128495
86,44930.394173134104,20,7708.31562497011
87,43671.456554438904,26,8066.69786524019
88,27612.9148015752,19,1513.62419967009
89,53607.326925266505,28,2378.7661730363297
90,33036.6831202991,25,958.9798221228019
91,64275.834888685495,61,7520.032053087841
92,30673.8375034183,59,383.107569352407
93,58793.6143088154,56,4391.981053651471
94,21053.4906177782,63,754.601882142809
95,42095.4222022556,55,1183.70456825763
96,50360.6787929311,29,4217.166823074771
97,41970.7244774327,63,1622.3173923260401
98,51663.410179317005,64,4147.8885848744
99,53601.812436245404,20,9601.375482171099
100,43439.98872675,24,6879.30600704276
101,51461.0531670041,37,7292.264176862579
102,41285.1723073982,48,2313.8250047973997
103,62895.7497701049,50,2001.28151391029
104,57296.1608227342,26,10601.082782855601
105,60844.092494808094,46,12072.255757971201
106,47634.5495483838,44,141.703817946414
107,23998.3236929402,30,3928.3039085182704
108,63391.6159672663,35,190.889274816911
109,21534.5512190834,44,228.33538696889
110,28255.6525128894,36,2109.2427976728
111,36496.1339323781,20,165.506090118747
112,41631.6662961617,53,106.09074717934999
113,68762.4166649766,21,2796.75230312401
114,30075.264924671497,29,2628.57792284269
115,41302.6741752401,39,1379.91312425834
116,39703.759427648,47,2403.4782156904503
117,63161.0920350067,60,804.092441476811
118,63062.1420964599,27,56.166164387319995
119,34507.5279055163,39,1793.75025542512
120,27954.7077650204,30,1627.0414050731
121,37369.3820601329,35,3783.6011509907503
122,43912.062740419104,24,7757.136788699259
123,22766.7745016515,29,1429.4017623047
124,21603.3057007007,21,178.333870986952
125,61952.906688675306,18,3635.6005890215
126,36116.3650918752,23,1494.9845683242902
127,26157.7772721648,23,2295.81165641849
128,26458.3832048811,60,552.398166405428
129,69156.3037736341,53,7364.7355776451095
130,39441.4447643794,47,1034.7588383330901
131,60119.0658099949,45,1810.9604596641602
132,55613.485460635304,24,4255.2521372008505
133,37049.3862358853,29,6056.81721377313
134,23122.0649252646,53,4263.49303076889
135,48790.1324336417,32,5519.09603957038
136,59132.6851560734,48,4575.52763542752
137,55305.5748273619,54,8176.70716548325
138,26037.4636435881,25,3293.25087871026
139,64899.8050298542,38,4654.249217083549
140,27089.124317280897,21,5029.48878154619
141,45341.4746373892,23,6525.21842259918
142,24865.7980747521,37,4439.11615420807
143,28239.5432051271,26,4189.83256804479
144,52730.0805016421,50,5706.32532253577
145,28982.0581488311,39,2898.7618238762298
146,36221.2660070509,26,5094.6700842702
147,33551.1243715882,59,4333.360862430611
148,43891.3559704088,49,5792.906333268111
149,45148.885720409504,61,6455.3917717800905
150,58481.012161355495,41,5380.56059607515
151,69579.9292111769,58,10868.2414720072
152,52743.3085651137,44,2684.70067065167
153,65635.6615293771,51,12701.603475
154,34559.907035436496,29,3317.52987409072
155,60218.53152662519,32,3157.9610817063103
156,51689.548538997806,46,9881.97600620667
157,47541.61433549599,55,1611.21659719418
158,62905.79302469269,28,11423.936295348798
159,65632.6045794412,47,12498.040454376298
160,31847.8537187912,41,2913.7699313302696
161,27947.440282441697,58,5514.11742142548
162,62246.7272495851,31,406.720769305791
163,40154.6885655262,61,6013.15287400369
164,58627.5548837148,33,1215.6525598047801
165,33441.0510654561,28,5282.728560308379
166,55603.7867954001,44,1411.13008049743
167,31046.3789664209,29,4907.67408446776
168,44708.09987280519,21,2390.8505965863
169,23340.2706962079,43,2707.7609389629897
170,24830.181971192404,29,2046.6850503447897
171,31422.7473852225,54,1686.83590183974
172,60477.23384574059,60,10711.700895547
173,26039.0214901417,49,2056.75238228244
174,36186.8480732664,51,1130.7352653068401
175,39772.1187258139,44,5492.89368937988
176,34730.1640710793,63,818.5084418876919
177,23118.4833147563,58,1746.93655902557
178,50072.8476257063,33,8088.568018568091
179,67465.06238589059,24,1802.61699404161
180,38625.6320099346,20,5836.56338145928
181,45227.482826449006,27,5521.5074051112
182,64901.897734962404,45,9589.83352507197
183,40543.9135432243,51,6507.8501914892895
184,27793.2667220011,61,382.24890411041497
185,61167.774819769,21,10396.6181477631
186,64619.6646196768,26,9704.7824094498
187,37593.7578664161,54,7274.32562822359
188,35032.6495990157,57,135.931684494729
189,58364.4649758935,56,5809.8990004484995
190,56945.8104134537,46,6388.369826233511
191,27204.8485511914,29,3827.8939146126
192,21648.261025548,53,3558.52726155765
193,31077.8568894602,44,4452.330679191939
194,42522.9224073701,54,6790.85026335851
195,31769.247718621,45,1148.22143592675
196,35556.779911276004,24,6361.97343810153
197,52908.824237529196,54,9841.080552709609
198,35045.1314053498,29,2382.46677216556
199,44488.1644845009,33,2751.08884293104
200,41679.9371177331,54,395.000775087053
201,54619.9471969157,52,10780.2718821749
202,38053.6231258884,26,6110.57279243647
203,64718.661776278204,37,1485.07993541129
204,43159.0849696659,62,4350.01989674202
205,29445.510501973302,28,1758.88186466259
206,25817.389884032298,38,4115.4847193336
207,66356.8567414768,62,10725.484727782801
208,56676.15799931809,47,2278.55434854177
209,61000.0427742489,49,2160.78490802133
210,58906.2516856939,42,9290.575344923871
211,49589.1537214629,43,2627.4054884209
212,40141.6035415605,56,845.3663712741251
213,31659.7282118164,32,858.511387999185
214,62658.221628516905,25,3343.36716094004
215,39264.4834984094,37,5255.78828313976
216,46643.1264812127,53,6440.861434225771
217,30515.372117515697,20,415.240434973958
218,65077.322027646,51,11061.8118946308
219,60871.86900433151,61,4844.1722236386995
220,25011.103895958502,36,3834.0427822766997
221,68407.1855084039,61,597.9440655279531
222,43727.439343929305,55,1170.55633399312
223,45788.747100159504,41,5894.04131672805
224,65705.0108234398,51,1969.7941341928897
225,32434.7025062889,41,2738.44049607766
226,58121.668575331605,27,7531.10124850389
227,62498.5072459094,32,3312.8776215380394
228,26090.725876856603,48,4255.62639181993
229,64780.93853686,20,8402.415585756991
230,65588.4034163319,23,7879.738136012421
231,65743.7036675401,52,7724.57141377445
232,37164.521582890295,47,1445.80218914379
233,65176.5297795646,49,2365.28749039987
234,34615.542173851296,26,6476.760852061379
235,59079.4650535099,59,10326.0897733222
236,56267.1716371551,22,7329.243163822591
237,34862.8212860785,55,6040.77206183173
238,60521.3641002774,45,8035.88317278016
239,42276.7829080112,58,8055.305084123921
240,38451.1777129956,63,3441.26141621257
241,45985.108653549105,54,7382.056426137521
242,51000.4224418662,28,778.732695554933
243,31523.1077652425,40,5174.57056869183
244,28648.676751181498,18,1870.9252528540699
245,27514.427963178598,22,3400.91074388565
246,27441.0003842786,37,1455.0476020381197
247,67709.2415909283,50,5136.81930751016
248,38600.7071868517,45,2749.08019063432
249,30950.295405928,26,5043.14863656084
250,27083.822868298703,61,3286.2128815586602
251,21512.7452672459,25,2453.3761214986803
252,34796.0035596043,58,443.66653811321197
253,27089.3928408623,51,1851.31156299008
254,25259.4016306102,40,4341.00808194247
255,47007.3135849088,45,4069.40264613646
256,20358.665024396,54,1064.68691788658
257,67900.2265259624,44,7902.74296522359
258,54418.470994569405,55,5630.7412209842605
259,51288.5546940379,30,6536.96636294544
260,28199.601632077203,37,3871.6889019340706
261,22199.615142308197,60,1498.39091851883
262,50514.4696263596,57,2003.65357036953
263,34414.2403383739,55,617.538752197269
264,37633.087432477594,29,868.1624732744141
265,55235.5040726252,47,4910.54765823574
266,45587.5518429093,62,8366.61426770219
267,52757.7949385159,53,2321.20631423091
268,41174.8081259429,52,2888.4447099632202
269,25685.535201337203,39,490.742921135624
270,28145.302999764703,56,4805.97154908401
271,52094.21837236731,41,495.021199154345
272,33552.3859760724,25,6054.24412635839
273,37400.9337672032,50,1693.13737803293
274,21605.7250904851,23,2828.30861825601
275,57562.89173616099,57,8508.83539912434
276,62288.53960521519,26,10657.1061233567
277,22767.264202702798,45,1205.78601273801
278,20943.0433274247,20,4098.11578954984
279,20622.860097792,30,3518.4526294613
280,48436.664631590196,49,5851.4097886154
281,27574.634184129503,58,1017.39615953411
282,62889.362142887,33,6525.15179253791
283,37683.2004915923,56,7414.5528532260305
284,54974.455495830596,62,8922.19971681344
285,56326.0866724886,40,4816.77607411979
286,65670.8834390156,50,3950.8701721497205
287,50730.7333918288,42,1879.05966237435
288,64184.9157912657,46,1854.23961318048
289,66179.3241091073,48,3646.9378597936798
290,24969.5268040523,45,3595.50194172919
291,54925.518266390995,41,554.4883448103379
292,67879.2480193079,44,10433.4743453989
293,67787.526762113,53,9607.49884661811
294,31657.619301695402,38,1448.07198358459
295,36559.1350290924,20,3030.26724082269
296,57787.565658800304,23,6339.85084448677
297,42521.726007107594,48,2661.61251596017
298,51935.1806305349,21,5649.452468489761
299,45677.8761278838,52,2966.246125205
300,51363.5958125815,21,761.422404184785
301,27218.561030458703,55,4145.00358705858
302,43677.6292207651,33,6739.8585984927895
303,21533.595507498798,58,1971.554219965
304,28010.190934874103,55,3971.1554788077397
305,51589.2827464268,50,56.9909740698165
306,50480.952688958496,27,8831.18436544789
307,43957.35058235,21,5416.3577980789005
308,61878.346551675306,33,567.6687734239409
309,60153.3369673416,20,6472.34700724504
310,33388.5833434761,62,4551.8768886076705
311,41310.4017777368,54,4481.162212528449
312,25576.9539321773,52,1922.6566258695498
313,51455.0984534435,37,9447.117157424409
314,48134.1569265351,48,2075.59611242181
315,51348.5273043625,52,1507.89134084423
316,20532.8237311915,55,1897.7808208720398
317,33297.2140214406,47,3674.7413401434706
318,55858.5492358543,26,5630.44497235335
319,43777.5184796192,20,3601.29968528693
320,27789.519056677796,59,186.828073932876
321,36132.423875387794,34,99.4495914003405
322,20145.9885970689,21,839.8390632084551
323,63108.7073870003,43,5757.84899502697
324,26581.6145273857,62,5090.39277440685
325,62040.889628697194,62,7643.631046107171
326,69958.7055412121,31,8755.6919767255
327,38082.5195158832,46,4213.46525948758
328,45183.054176159196,34,5953.45352370895
329,36242.447961121805,39,5688.994849119101
330,44527.2589032538,42,4588.472285879389
331,40496.2558229454,20,4834.60379766491
332,24698.669305071202,49,2427.65078779499
333,60560.3055260144,50,1994.6211339084698
334,48018.211456947,50,6120.090021073979
335,30216.2519586273,27,2116.53731014055
336,61742.239950690404,45,8068.319703512409
337,47288.4266683832,62,4004.9888524873704
338,24658.8993165642,59,590.598081194187
339,64644.3481021561,59,9848.171448939891
340,57517.7241396159,52,4536.85720940257
341,52945.5477884039,55,6262.00794529651
342,36366.990411188504,47,371.040895011703
343,62113.7295663357,28,11928.5098562393
344,62279.5195016079,27,6801.4058925032805
345,61799.0849586204,57,5619.21760364769
346,50139.7400093265,30,7758.79982277807
347,69566.6843489744,53,9875.03718259757
348,44897.4883696064,51,5732.39903226614
349,22572.3027647473,51,724.193188479234
350,37123.0796375312,20,5659.509277874139
351,68744.788649492,61,5207.88311679924
352,21081.1941814609,52,2395.1653496083604
353,58828.2921165228,32,5947.64546828592
354,46706.4588610083,19,7084.263509070559
355,32312.8533829004,28,228.330803623653
356,60778.7650241517,43,10021.0492234587
357,30948.0415470898,43,3995.80729495872
358,60122.011571656905,63,7189.3507350953405
359,43321.6811204329,32,743.86714101317
360,47904.3412418105,40,6183.514146370021
361,58597.3832453601,53,2588.49026590007
362,66091.9059114531,24,8743.509701223791
363,47316.7013772763,27,1940.6740439248601
364,40872.6397715509,55,5312.49170624282
365,35154.4934837148,53,4037.7196037478707
366,32222.8188090958,62,934.477133128546
367,40447.672961745404,22,1072.1926587434698
368,48463.2045542821,51,8120.2580899123295
369,42843.0991293862,29,839.8690240153251
370,50310.422438196794,53,8361.7191002815
371,57565.1999609545,38,5353.56165390711
372,55066.1829696037,56,9332.70266633384
373,46065.948209725306,53,4947.308727595901
374,38309.585656970696,55,3545.72397128405
375,54472.144756000496,59,10836.3830881501
376,58695.0943968259,30,1826.51630229436
377,54748.9123116247,32,5438.09369329612
378,46328.171917702995,57,7879.67620843062
379,49633.327468764,39,7915.31344330937
380,66339.78387573731,36,2350.89150808837
381,62650.719662196905,33,6425.36536372003
382,27646.780053619303,56,3132.1486918114397
383,21437.6157545485,46,2563.96087298893
384,50648.1984443963,57,7110.755833314191
385,29670.6718439236,54,2928.98408763734
386,20258.538662456,29,2767.8372998142
387,34475.2179738134,42,3162.1338373512704
388,28926.432463340498,62,750.0671069984869
389,20660.6689537875,49,1756.0376249661401
390,24987.934092059702,49,3946.89824562224
391,29672.5608105771,51,607.909484188127
392,23241.5998866782,41,457.19661720842697
393,24217.2287590802,24,2104.38432287864
394,65574.0933422931,24,3031.24632606192
395,55994.4587922655,31,680.619696071219
396,67369.3321226165,58,2299.4181716088
397,23305.7714928873,28,4521.00431151248
398,35195.4663451761,50,2836.98817845671
399,27135.072618257298,55,1387.2488010579998
400,24037.1651411988,23,2469.36442601101
401,51625.3132303245,45,4592.245550450871
402,50705.7662634179,53,1096.96707536899
403,58079.1569012217,19,11540.045811650702
404,62192.4670692533,46,1863.89100271298
405,62553.6684109829,64,4641.704784522371
406,68147.9573179968,23,12307.5623225278
407,27619.6614070795,48,2774.8327811003196
408,65330.1928355359,29,4030.80369209214
409,26680.1458364353,48,1671.18492391845
410,46104.5989114791,51,2342.47292088101
411,44904.597643762805,44,4953.77359939866
412,52934.5944337547,50,3248.62771841795
413,43509.7577562556,18,7363.03763852006
414,22118.3573291637,63,3928.1218464785497
415,56275.4100235179,30,2224.8841598973604
416,48630.9795337729,27,5862.83302915672
417,64272.6999986917,38,4929.87881849349
418,24349.002952221803,54,3890.4710496590997
419,34332.3152558878,37,1225.72022331307
420,64940.241088625,44,8196.93072552584
421,30595.7480147481,41,3495.0698810157105
422,53422.2162491642,28,7441.75961676144
423,69995.6855783239,53,2084.37086090284
424,48270.796244032696,45,6232.28039861045
425,27028.155587613597,48,331.364308695631
426,23519.866091664902,34,2368.3812306499804
427,37302.0833986811,35,2366.17424012737
428,55601.2718519196,19,10533.4551622879
429,62678.6454510875,26,333.441398145797
430,41602.4339781143,25,7005.0792919714
431,27533.001329284198,47,1551.4202880312
432,30594.1765592434,50,118.34214214338499
433,47846.9459037296,24,3713.26268829211
434,55273.2750005089,25,10282.9974457346
435,23086.2554092892,25,1256.4011595099698
436,29621.2748787366,32,5575.2536907666
437,47533.920947462306,40,6637.770870559039
438,62519.184178672695,44,2324.5477054729
439,50878.95903736349,45,3257.0126292117498
440,58580.9595114551,57,4317.71547822747
441,69445.64944598821,29,10643.404179056999
442,60929.172351025,60,11146.0744599728
443,35496.6654954478,47,168.054785283069
444,33572.423497680604,57,3369.37702306496
445,55306.9143486209,20,5272.53501398802
446,34141.9276362285,47,3371.6643103609003
447,40453.8909485564,21,890.93953525642
448,69088.7774154544,54,11246.488154757
449,30885.6922015548,55,5216.354091171161
450,58683.226320426904,25,271.734468486729
451,60675.8121564053,40,11617.7489093447
452,68460.68002516401,36,949.9566246969209
453,63653.8399080746,28,8866.527185298779
454,42522.5757574663,18,5036.25528047363
455,54140.429133549296,31,7896.2237660972805
456,47548.362617380895,48,6153.9365638338295
457,24114.012257196002,52,3900.82960084791
458,20686.2390902825,33,3052.5766906145695
459,21412.3086119071,26,2639.7101263171
460,69391.1465979181,64,2550.26514748866
461,32319.262220989902,43,2733.42055865967
462,52862.947136163704,47,9754.15223893674
463,48383.2761459053,40,2763.26395484522
464,36430.5384038016,38,5855.18559413532
465,44268.8940139487,28,6043.14310633161
466,63806.3292531297,57,114.49996740621799
467,46195.7771726884,32,927.0675938508431
468,23743.1607721373,43,3254.74895032068
469,22089.8374845274,21,2584.02203777874
470,54707.2885138914,44,10255.1901115656
471,23203.647187911,59,749.145368410122
472,25342.250678222597,40,871.530091132259
473,31645.632819272596,32,5193.83819663771
474,32306.8084008992,22,3603.3640781354297
475,61262.81632343309,49,5564.163603137889
476,26388.7272961438,19,1191.33213785363
477,53009.4254342839,36,3589.25350629665
478,58163.54067530481,59,2237.92776424099
479,38665.033928118595,55,6152.00483311834
480,25289.047223050096,53,3701.53760172254
481,66049.9340319075,29,13172.6812981319
482,56282.982525881394,62,8215.55838399949
483,35778.6152325571,31,5544.654683502529
484,29174.240310676403,19,665.577000121256
485,55934.432561043606,61,5643.179899328969
486,32256.8615246564,20,2809.32218484219
487,68052.8069194406,29,1415.71826260479
488,26957.053870428397,55,4172.98823810663
489,48685.04201760519,33,9698.582169129
490,38288.0710810423,29,1723.3993728988098
491,42468.0208251812,29,1902.26561035478
492,55377.7730255388,47,6882.87341589713
493,54231.7027854733,21,10156.1423121761
494,53283.25870679691,49,4065.2187953051503
495,52534.785475581906,47,3810.1318418453498
496,47847.51562867309,27,8494.01643069754
497,59998.253271915,54,4659.53597585937
498,58684.5130124129,32,5415.81741673557
499,49114.787932485306,61,6388.85036020661
500,57179.402005858705,21,2991.9673507143602
501,69395.1164768077,24,11047.684335060701
502,43963.7380116619,42,4481.43686080601
503,66326.4724705368,41,5602.16002178427
504,35886.7268357426,35,843.74909202058
505,35578.2341142185,42,3640.8488855601204
506,48689.0004295856,37,3859.4718229816294
507,56510.8353551477,47,9255.43964893025
508,50275.8999634534,42,5541.821255211639
509,56665.4940880835,62,11159.7931652015
510,42912.090539466604,61,4550.12285317107
511,22169.7292220779,37,947.19963838056
512,35919.8073204607,27,1227.10948383375
513,61987.6852654852,28,2618.2430369954
514,30044.6835160255,50,1428.43962505335
515,61528.2724192366,56,10897.9054797653
516,31196.4917741716,47,987.261536638484
517,66003.95999150349,33,11207.4952297971
518,56960.67384444179,26,4856.48345389872
519,41315.1078904048,58,1378.90905711849
520,64913.343840744295,27,9781.3267216691
521,32804.904486984,62,4961.25568000026
522,25789.2097975127,26,2410.2774142149
523,31908.354307524904,38,1857.4615780455701
524,56050.3025818616,24,6870.83901013046
525,66505.7756868191,26,6571.19702062939
526,57504.071742296204,56,8107.26764489386
527,44619.111488573304,60,2474.97715917028
528,21158.935285639,54,3562.30829594435
529,22765.1909156702,21,540.617724673382
530,25052.820255514198,46,3367.7019234673803
531,61006.107302382596,54,5850.77069132097
532,62321.242473553895,46,10649.0720502131
533,49604.544211179,52,7045.91920223369
534,48433.3734889515,29,789.63336134554
535,57590.283283498095,19,7676.310662575241
536,62691.7013712227,25,8244.74889955889
537,51121.6568690725,59,6471.62820239922
538,22516.5403494611,56,4267.45190233138
539,60857.2350512259,37,10486.7443460306
540,62908.357479609505,51,3213.8981455284397
541,49665.63383815809,50,2713.88507461967
542,65322.8010679595,41,2739.71998955614
543,20598.9265628159,36,3872.4024682347203
544,55476.6569798812,52,4733.50582969986
545,26218.4948474169,18,3343.81635769923
546,40794.8702271096,38,6519.437059856079
547,53719.6511100046,43,1670.73789259357
548,20715.535634663,28,369.527739366732
549,57163.8523996808,54,577.530782393529
550,33751.205313019505,25,6494.1843356626405
551,44832.564720418304,32,1256.25353818891
552,51035.6334550306,59,2889.8801946867497
553,53493.4860118665,22,5030.82879986161
554,58205.679995007806,57,10035.603020993001
555,47439.9407557212,22,7896.356942317059
556,47586.2277136184,42,3343.05627581805
557,26100.8512624539,62,960.1372513581019
558,45326.403672806904,59,5142.11083711624
559,24391.7562346905,47,2198.1448889683497
560,53741.37101927769,50,6513.1501245071495
561,40053.7222670391,28,44.5272460985999
562,53033.864130265996,38,10427.4705030759
563,25176.502012182,54,3064.7184877162895
564,31210.8470173553,54,3853.08804154651
565,23532.276302576098,60,1077.8404003017
566,63776.770785916604,44,6697.971583270711
567,52278.76500459389,46,4269.13603478981
568,56015.8132156357,33,2275.76342522213
569,56110.9399353154,63,9351.00613114576
570,57856.8082349375,34,8824.16474742706
571,30187.0918646455,28,4462.82325767409
572,30786.8719263934,47,3563.31978870471
573,22279.2997653596,59,3141.3385363147
574,42476.2655328959,46,8334.18200780114
575,58147.7998569608,34,3951.18974682111
576,36266.2118673325,56,3206.9276653834304
577,39045.4971627332,27,1165.49215757251
578,64467.803684528895,63,521.5757013705901
579,36594.8066744022,61,3492.3340219336305
580,58797.762861940995,53,8892.963302602671
581,66653.2709309831,20,5180.71186017515
582,48271.4983797632,22,6077.680286835239
583,30991.4319240488,34,4589.26726538164
584,45446.5183359571,19,8474.98246363903
585,37142.738890834196,50,161.237551122297
586,58320.80889260401,20,10033.491680429
587,24825.540678575602,55,3650.19635167761
588,20511.4294355735,27,931.790074364881
589,48326.3208926655,36,7168.70700152735
590,55441.35879492389,48,10768.747838508101
591,60496.907918714,34,1115.1545869179301
592,25296.1542271078,44,1320.46244258164
593,50414.3203189597,56,2468.17199888535
594,67984.0403771959,27,1642.96947053086
595,50382.399773225196,57,9183.84229457753
596,49413.2985407487,19,2554.0443515729003
597,61464.8206438869,36,5099.08745959981
598,53784.0495747514,24,2761.8513804366603
599,35993.2879265398,42,901.9277106596429
600,63402.004684321604,47,7530.76763344307
601,40484.9713249132,39,1093.67920279022
602,26168.0122744292,42,3040.9813501286403
603,60044.2815152928,61,6823.434442500439
604,23984.5509454608,51,4622.27519842492
605,40359.7011859529,32,1783.69732612708
606,33583.8910820894,62,1251.8673663810198
607,68038.7920164503,63,10108.7958488382
608,45652.0592723973,54,5408.21212921339
609,34399.2097815499,32,6019.83442285853
610,57628.438917454296,24,5021.63968348642
611,24294.6768924594,22,4360.05300945404
612,52218.882511369906,38,9792.09153131215
613,50061.7677392438,55,6145.131816878149
614,49352.274222765096,58,3362.77448557159
615,21087.3555438593,49,3353.6935708995097
616,23812.252683565,43,2716.6558194475
617,49395.1664934866,41,5927.57467616725
618,33338.9439899474,47,2929.85142379499
619,29668.320720084,39,2042.43646281071
620,45936.5972015075,42,8525.231909003141
621,55948.0677172542,40,8569.220572619399
622,53239.5007135347,64,4606.156805288821
623,43694.0344446339,50,5049.635508890789
624,24078.0724957585,38,3276.13994797231
625,50258.5530211218,23,1086.2461646268598
626,41816.6568316519,49,4534.57597308744
627,36892.7162187174,54,6463.64775060681
628,23886.5676149726,34,4440.41961655389
629,48757.7650509775,23,1833.5810508113398
630,34601.6826620325,34,2430.10161848915
631,52986.00454581901,50,4928.60703383372
632,50740.9510249272,22,784.5773121318381
633,53096.9913979061,36,2663.05260942853
634,38500.000645872205,54,7571.68231798672
635,41004.2623570189,56,1016.1410075047
636,63585.364590399004,49,1594.9726819505
637,31823.6810551025,31,2290.43034182208
638,26242.6336226054,33,1801.2281947163299
639,63531.2459943816,19,6917.50843520967
640,64751.1465405114,54,2289.85125057492
641,31091.276304796298,51,4071.08303444266
642,66871.2673638947,63,3614.26818549068
643,25098.6528280191,52,2611.8480917835
644,33720.5892242491,47,1365.95220859435
645,28182.5232948177,26,2285.95653758834
646,27334.5697135665,43,2963.7944322157
647,68694.8431818746,23,12731.894637403
648,46195.621665101506,27,2888.6337275749297
649,34488.2098538801,27,2156.314406342
650,57827.6631003246,24,10816.7590093935
651,20346.4690526016,36,656.03318788707
652,60480.9757950716,53,3216.0945411833695
653,51915.6797835603,44,2282.9110216495396
654,54625.506983138606,32,8619.74517744195
655,48305.4270897992,55,4833.47746990896
656,28577.964513097002,21,1639.22563884266
657,53400.8270059712,58,10418.192976328299
658,43414.4878922962,44,7170.946724121321
659,47526.234125252806,57,8957.33054393952
660,46082.072162535,55,2921.2353791526803
661,32195.5925249495,62,4980.01358501464
662,49067.0912945643,61,7258.968491635759
663,21293.4771250002,42,1368.6919222573401
664,52100.91738728809,23,4767.2771918935405
665,48334.3877759762,53,2234.44313665993
666,58507.623551413395,49,694.1351678029421
667,27521.040341816803,35,2699.85134586163
668,63914.2253715545,26,139.31457194860002
669,28598.8326463848,53,524.201092096584
670,23298.466745764,49,1741.1839190889002
671,35697.5541380234,51,2907.95827229594
672,40376.1635813862,39,3901.93798361853
673,56534.966842737005,28,2161.08375159161
674,36088.938608299904,42,6222.41527252187
675,34158.6339683272,29,2911.40806707675
676,29732.057619839903,39,3485.01802587388
677,41736.20153917,35,7602.61305507845
678,42236.4560933784,25,4749.06867530672
679,28796.850836370097,45,706.2289942236
680,55097.38848079,34,9342.47942698609
681,40916.564145591095,48,5219.80402778761
682,20908.335100393702,29,3133.6244473393394
683,57999.772385228396,63,859.589294215437
684,57746.5815865435,64,727.194664952067
685,55116.234514862306,41,10284.606786439499
686,57765.521160326905,44,5445.22266010925
687,45200.992799364,44,7335.96256840597
688,42435.1894925348,51,2766.28091438528
689,46365.573517978206,42,5443.27630749977
690,57187.7008932643,59,9390.67226092499
691,66539.9275999516,58,12129.0822259617
692,25244.726699311297,53,1278.99950423557
693,54780.345612671204,61,8134.220407851591
694,59253.1214631163,37,7327.28357684415
695,48540.3415444307,21,1012.9349929059199
696,30415.105079300698,23,4362.0831523754205
697,48768.6992436647,26,500.59910564675596
698,52299.2180823348,18,7880.68580712225
699,42242.489119526,34,2070.3793805860896
700,28218.9652719535,43,1305.08243308288
701,40208.1318595447,61,459.034688796151
702,61419.6728379466,31,9921.672387157041
703,51282.5052416883,27,8445.38534278682
704,36017.9027472623,44,1526.3924759160502
705,57575.0097911805,34,9857.229949587008
706,53330.767136067196,42,2343.49755586202
707,39834.519841242596,63,699.9557764042171
708,62469.428374897696,24,7286.550390859979
709,40334.6167341806,46,6808.86995498301
710,47542.8027031012,41,9448.20972109913
711,55883.622861001604,27,974.563067419013
712,29163.015882950298,44,1469.12970417187
713,47786.141063552306,30,7181.4785525792595
714,29736.3105043769,35,657.0484089194509
715,50831.427534576505,24,9572.58688405588
716,62030.0459954888,47,7572.567589234591
717,54049.0127447993,55,4569.64791088147
718,34336.0175890848,36,3441.64452422469
719,31895.7153055817,48,3423.34617207901
720,51894.5400998928,59,6579.534006664229
721,37616.7108584195,53,5732.2401076494
722,22076.948003377798,57,3948.14334405049
723,56252.953705843494,57,7327.070282101679
724,26316.758494358503,37,923.028441324114
725,23120.8796077408,40,1417.8465220016599
726,39033.032713923596,60,5757.89047926275
727,32420.818151440497,32,1494.21297427116
728,68827.24432973191,25,1049.1754772678098
729,58092.2048934735,42,5277.740419709729
730,43538.856115192204,46,8523.90111590581
731,64040.484179277,59,5408.72776719187
732,34395.2292157337,26,2089.73250000687
733,57405.5149266496,46,6914.75153975136
734,22581.133972853397,41,34.2851058172658
735,27952.945982106,42,3965.25197444964
736,54022.9128370993,27,10641.4514434212
737,63546.1647575721,44,6170.23911645177
738,60713.4303008206,56,396.233677598603
739,44519.32947151361,32,1446.46810321108
740,40997.798989992596,56,7908.3318430222
741,63661.383329890705,26,6095.308748994189
742,34429.1467382573,40,2240.2774038697
743,29181.8614280783,48,2529.6129690448497
744,52510.4382354766,40,1858.30823957284
745,37536.3472430035,26,2634.3585848472
746,35683.7449525483,44,4337.82555851561
747,45622.2907104529,42,528.181250121176
748,67385.40317630401,29,6747.232379118979
749,69411.7925292812,47,12176.782438093798
750,48322.5140650757,29,7732.69639567081
751,40836.588810197994,22,6994.48780081424
752,38035.9513266012,61,4298.705027677411
753,42696.9713694416,45,222.19643863902402
754,24181.69478653,22,1529.0188684850198
755,33194.4026448764,51,6615.38785751688
756,32541.461526416202,34,780.832856751006
757,38381.4130607061,54,322.724155555729
758,25921.9125309028,58,5104.74678854711
759,58810.97172852611,22,9099.72433792209
760,63025.7440777496,57,2956.97774567302
761,29954.0045135655,62,5774.07427035938
762,40641.523017547996,38,5042.326368067929
763,43940.91070164,38,2855.3791874510603
764,65166.97287326679,26,8859.08746877633
765,58820.3820562921,31,530.657824121697
766,50719.7630754672,43,4770.937668011939
767,46766.595919616506,48,2383.40775653766
768,67520.759596955,45,13041.7794518553
769,28386.2535539083,31,1718.9437817568698
770,68276.0307611898,35,4842.077960288339
771,30731.7262794822,40,1129.5624120295
772,30012.251092121,55,3972.1514052114294
773,38075.3187742084,53,6928.943621162839
774,55932.3965734802,44,4876.366908841
775,27966.2444535643,54,4445.20317812007
776,53825.5367358215,50,5272.80479170349
777,65451.496518217005,60,8129.0489314653405
778,39473.995862063,42,6034.153227563571
779,42344.8087112047,47,6800.2468059227795
780,36112.8744133748,61,3737.2121871986296
781,32720.504798926402,34,4367.26495019919
782,27973.826560191803,50,403.40213537013295
783,21306.0331228189,35,3791.02352838761
784,36029.301576782,53,2928.1004386496197
785,48457.963548135,22,8108.172683405841
786,46038.510655052996,39,6868.98780501089
787,34247.1590195782,35,6458.7905851387795
788,64247.6149997674,32,4513.20369417302
789,62109.7670914605,41,2816.4301578897102
790,21481.8037860096,20,1137.65789054619
791,20762.4744670466,25,2385.2248369160297
792,33756.5272278152,41,1169.8359246657699
793,54325.80727385361,30,6978.52505744359
794,33197.807804681404,59,3993.1468660048604
795,56846.4742321521,30,5268.22747487761
796,26542.9310896434,46,4233.08958563064
797,53200.5481468514,60,3090.47311929628
798,38073.4068970196,32,2284.00567663756
799,43937.219043728,56,3213.5419628300897
800,49284.819413442194,52,493.589997017378
801,22869.3234547973,26,527.551568398424
802,60113.3425417356,41,8253.38456880542
803,23613.255685195298,32,2469.23458468339
804,68755.0944206305,53,10990.5337530187
805,26449.3282930925,46,2952.12315164984
806,42855.4161149077,47,4923.81484576435
807,25686.778936069502,36,3728.39703071966
808,67125.64924266191,36,7482.06736878698
809,27427.7894455008,60,719.946664588216
810,37145.5730567686,53,1510.73550672394
811,41702.600771095604,42,6105.7279291327
812,20710.7759593055,50,3960.71087317317
813,39124.164362438,45,401.32673340017
814,32834.6467390656,61,4184.57820320039
815,26267.2214000486,59,1136.11727060881
816,41254.2281951755,29,6993.0494414817795
817,38268.6966028996,31,2522.05718465992
818,37087.268759496495,58,6391.153194203221
819,38458.1330395304,56,3644.30607009879
820,40185.7756706886,31,1002.3405737625301
821,65481.9455510005,45,10614.2484928222
822,57426.680477801696,20,2461.97440578532
823,47903.31424912441,46,4283.2269736806
824,34222.1877467819,52,3582.1513639634495
825,28481.265604496002,47,5302.17994342883
826,43069.6521466598,41,4091.56129167425
827,33093.9618567936,33,3852.9924436463502
828,61363.856056705095,62,9636.80473053473
829,68100.73561966419,48,8124.598979910799
830,50551.4803389087,57,5262.6160879974705
831,54421.054006088496,23,6229.8360190473595
832,32152.4597401731,57,3550.58488878171
833,40230.9757121839,59,745.19474910364
834,53483.3740023896,29,1459.66859888829
835,65137.937762774505,42,10352.181768904
836,29496.5941272676,55,2216.9753341908604
837,45181.9337136112,48,2243.15399221322
838,24994.7781953961,35,51.640260239487
839,54820.9740128368,21,10070.9490549973
840,62955.6082934141,30,207.543817763712
841,52956.246077083095,25,959.097214811603
842,40366.2032377906,32,7410.792024329541
843,60005.0101336092,40,10677.6680182666
844,37598.3850844204,55,3641.8084108437
845,61323.000902775704,60,8699.94668231535
846,21243.9323007129,58,3438.97927728268
847,62111.4344149828,26,499.208578202042
848,56524.878814816504,55,5296.94027257637
849,51718.13696390019,34,1036.6168035984401
850,43205.6317501701,23,4835.27465661614
851,26934.197444934398,36,4113.299166910279
852,68966.82256367059,54,6690.63533769203
853,31527.3472038098,59,2062.7191576926803
854,46839.061093050994,29,1498.20031600578
855,32151.296855881803,43,4601.94008647427
856,40831.801916938304,47,6429.59368808933
857,30868.8048203476,58,4618.39218432669
858,62988.8264276087,32,6924.90156914655
859,65496.7674799263,62,11805.55576878
860,63032.6262721792,25,390.33586086627196
861,27287.0745440014,19,4509.88142162832
862,44299.3717431091,24,5154.909842680399
863,44091.3492278196,30,1664.10492654064
864,26617.0303151011,29,2727.24168062816
865,21856.2335288152,48,1500.6537452812197
866,28072.604355402298,54,1.37762959325451
867,35950.4884504713,35,2664.92567484772
868,28982.1123634465,35,1440.49916760651
869,51790.726445615306,41,1281.0357291798
870,65000.8196174167,22,1114.91482428033
871,29761.046012863502,22,3748.25812413245
872,23081.4507394098,54,257.661201491859
873,60016.7409912683,23,1522.64676811391
874,54619.1553631797,54,901.277776817105
875,66274.2081028409,36,10257.918392293499
876,49380.658629816,45,5425.280945064939
877,46283.0674648285,48,2166.1230995161
878,25554.698524065298,43,4229.914353055779
879,36680.1819228567,22,4849.33378471958
880,30383.6763300933,47,2153.60772508337
881,67730.44369649139,26,8881.58363601412
882,36446.7241382226,41,2927.67544441237
883,33648.7389914691,61,1498.1612553260998
884,53852.799539454296,43,2089.9094635253896
885,61298.218665178894,48,9399.50460218589
886,69465.7469564117,21,7983.705373244459
887,39102.041714359104,29,4200.697505155999
888,29366.582334041603,22,4049.2538652253706
889,67949.73806710911,34,1790.3486165291397
890,29468.859178014103,23,3703.95304740702
891,56839.40189657731,37,9004.80171434867
892,38277.9368711635,45,7405.8032096322595
893,49664.270719513304,40,5571.456364476229
894,49972.0108276233,32,763.9541158786079
895,27356.800953857597,63,2983.58332216516
896,36840.603656601204,37,6557.94033087167
897,51438.814068678796,46,6898.78371916522
898,40614.7220451385,21,2649.69535606017
899,56738.63732256,63,3210.80704797276
900,68004.6862154268,42,2698.04778142586
901,44458.6372864433,52,1456.23494449525
902,66801.197505556,19,288.64676925315604
903,48991.85367859901,19,7453.26426764463
904,69430.936621502,59,2648.22045208716
905,27989.111100323502,28,1770.81827895977
906,67675.80477055161,38,4396.0768773955
907,47985.7224668376,34,8801.61012677399
908,43388.209473341696,36,7007.1542526718
909,63182.45566682889,26,3493.22456741209
910,20568.891305010802,26,2257.0647822256196
911,25833.7172260508,19,3716.2546852118
912,23087.3014009558,38,423.418399504824
913,36124.717833008595,25,6485.05748033896
914,57330.619408749,44,1058.0392021630498
915,47240.2531234547,55,4286.345614412679
916,55730.6292280555,55,9286.357544938199
917,61660.401318222306,49,1684.52656398846
918,49746.8874370679,29,7354.129522959979
919,23973.6875914969,55,95.46072237503591
920,28085.479598957998,45,4431.280471397489
921,33585.4747379199,60,3933.88301194765
922,44179.3851018883,51,5888.3757812673
923,56025.419726502194,29,4341.62669876515
924,49369.7041459382,51,109.379622752269
925,26889.3647403456,63,675.712031078049
926,30873.217636253703,39,4076.8767501185
927,30608.943237457403,46,2632.5518109756
928,54878.0896514654,43,1504.4734617798401
929,32423.8068470731,63,2961.95236821591
930,46608.3690221421,20,1521.8684050770999
931,65689.1897018068,28,255.07265595806598
932,49054.86027011651,54,1102.24036140034
933,20310.5775569566,54,1279.11309760756
934,66423.3993319795,19,1066.21460111103
935,45783.15475257111,64,7492.90982010653
936,62887.762666214294,43,6849.48422314614
937,51088.2107820362,52,9097.112036065171
938,66217.9448455572,19,745.076094530662
939,62799.7506107204,35,6752.58607130953
940,45789.4875248894,36,4545.15745895782
941,59727.4059941992,50,5203.32518145625
942,35513.5895474814,61,6983.36074103902
943,29178.977587726,64,1664.3860619101802
944,67501.69224571441,50,7589.759990371129
945,66255.02952840179,29,7475.21228234162
946,63558.8640859351,36,9282.92773534658
947,63441.7123557068,19,3119.4126781587297
948,64983.154244255304,27,9109.774341958058
949,56946.64593786,55,11175.8410699241
950,52349.8724610545,36,5181.84850071794
951,31473.458784166698,28,797.34597206237
952,59267.339196521796,35,5085.311918671479
953,66809.1732473113,31,1316.1871277160499
954,48083.311545196906,39,9193.09526352272
955,20629.3472950347,28,3310.41011772524
956,25363.331059925298,31,3946.0014470861206
957,28873.674168717098,62,2224.46976521287
958,41430.8552560396,34,5719.2781159757205
959,53612.1312342584,23,5976.89656826076
960,51555.7402558625,57,9217.6886691734
961,46564.3788967282,51,599.8303239514551
962,61200.4274781793,19,406.85186115617205
963,29307.3207652196,61,481.84269711988503
964,67687.1830760501,21,10506.3280331645
965,52565.065741073304,56,372.974253343653
966,52920.148014091,21,9521.769942117131
967,34981.3678348437,23,5502.73603087282
968,65210.83709551019,28,12607.951664106298
969,60016.07961254191,54,2857.0074135476398
970,23066.964680328998,33,1933.35356770978
971,52603.878644295,44,2043.08955289918
972,20111.3632577471,53,1745.3719220870998
973,32759.7002778202,44,5211.32562979067
974,30578.020161483397,55,3010.3502403137395
975,21211.5893885493,33,931.781052200198
976,53746.326575055704,29,9534.660206225592
977,45214.109220542,18,1779.72773531897
978,58465.0496998802,20,11417.0600895208
979,54422.9734851979,59,444.613776925989
980,62842.0643904246,62,107.597231536379
981,53005.13229332861,46,2539.33674893338
982,40749.028178397595,27,6207.18616502598
983,49804.4108320028,20,7235.19471689825
984,37277.2461199202,27,6289.25607587104
985,46883.2065397874,30,6342.56790924236
986,31763.3691988885,36,3489.40412162135
987,61013.1815820932,25,1791.54296221375
988,41285.358897876,23,532.100255807783
989,39133.891863748395,22,433.458417926463
990,62171.8025580049,24,1035.46249645863
991,53638.6459530331,44,109.478853603893
992,49264.584893826395,58,3051.57426672854
993,63114.49698871,48,11890.7571906353
994,58165.506219957,46,4155.72376708707
995,43029.8032634892,27,6894.16538143413
996,21593.6226584017,52,458.093724368234
997,49104.7682403587,36,9452.2179473418
998,65776.2324134819,40,2805.8637447174797
999,36192.1494523995,21,7236.173930254241
1000,62165.8611856401,20,4739.94895405831
1001,50793.355719652005,42,421.640379591623
1002,62422.2037894651,32,2841.63342276648
1003,63166.994955390706,57,4058.78953380435
1004,23717.567853163902,49,1530.09024242426
1005,66797.6646730676,21,11921.199536959099
1006,30272.203618660602,19,1440.07254888392
1007,55741.1956880242,53,3181.78051934063
1008,30742.5797148608,26,5685.65364147975
1009,20491.564325057,35,1579.1682486472598
1010,35620.4186263494,41,3611.29590336632
1011,50206.133716274104,33,5826.46289826698
1012,67935.45387219639,61,8267.32605257876
1013,59223.3966034837,23,3901.40208532883
1014,32657.2686829604,33,1796.27050255779
1015,55931.6545771435,23,4053.51993761002
1016,23694.7788670659,23,764.297190003271
1017,44324.286368209905,23,2672.69202602406
1018,34735.4917484336,62,1402.21785398327
1019,67064.3447362818,23,1091.6248164287802
1020,42761.492675636,45,610.65784710333
1021,49517.7223277278,32,7337.95043106519
1022,54372.1826560795,30,839.1250811884869
1023,29941.9683683664,48,3170.0456536486895
1024,68414.1207765788,51,6154.052456547579
1025,23891.244565602403,51,3475.9054232585304
1026,47187.571546528496,24,7933.4694490862
1027,39819.920940790296,63,3577.44768965771
1028,50632.2792428546,54,1262.35606612176
1029,39970.2112469822,40,7867.616835630941
1030,55176.139604300304,49,7822.936090935409
1031,50533.571948763,57,117.712586947864
1032,52983.874459750994,43,5567.941087462329
1033,31187.6699258573,31,593.1247798263599
1034,34909.9822272547,26,2852.37179495901
1035,53810.847660060994,51,9154.47701536417
1036,55478.9673699997,54,6227.54177432686
1037,60394.094865769104,58,8293.576747493142
1038,36845.7386782393,52,1790.01356619936
1039,60264.9406460114,55,2241.3881435993103
1040,52981.508597731605,18,3759.93723425993
1041,50222.7624226362,21,8734.74061739229
1042,59256.55595958231,39,9812.97871741119
1043,43203.414224553904,41,7730.72757527023
1044,46288.7564138509,24,6053.79158149127
1045,58176.154927350595,52,9852.1411102884
1046,25631.4347311854,48,4778.700542847971
1047,58977.9976452701,30,9442.011609849642
1048,25048.015993088502,55,2341.36785790557
1049,33436.4890051074,35,5473.98555060076
1050,23787.3670458794,36,3041.5529081567797
1051,69456.5677712671,48,13190.3658861707
1052,65447.6116108708,40,3269.5343268133897
1053,68743.3531787246,56,2290.20428885451
1054,36052.5775980204,49,2830.17986246731
1055,24820.7924701273,38,51.949242778070094
1056,26046.384165529198,55,4669.45735259152
1057,60850.8024411276,60,7206.852592751371
1058,69929.01099612941,51,12427.8357034718
1059,53298.496145289406,57,2106.7097906176396
1060,48818.3823227882,49,2312.4217766474
1061,38042.0841556042,33,3495.85630614459
1062,42119.8227140121,60,1930.56653214215
1063,62247.87973798809,39,1870.71508930953
1064,62252.088163513705,28,1699.6809718387399
1065,36973.0856898241,38,4144.44814361402
1066,54217.2367847525,27,8836.775689365999
1067,44218.7663214281,59,1693.92017886189
1068,33274.0502711385,24,2244.8831092985997
1069,54656.5490355715,18,9911.134962918291
1070,67593.5170776211,25,9864.07802710305
1071,39472.7072492242,43,596.481179541814
1072,30572.446859441698,49,1847.09424972443
1073,50447.699630167306,58,2443.76891476886
1074,49198.6526572146,49,483.62016772088504
1075,53768.2282086462,25,3696.95324417008
1076,52809.546287171506,61,6276.830736703339
1077,38011.7266485468,19,4625.19337762744
1078,58910.2917746641,31,3671.9230944370597
1079,57914.7310741246,51,6715.85790769023
1080,39494.766916614,29,3544.1560393991604
1081,45918.875250499696,39,1910.32953084278
1082,55649.05588282269,20,7660.34617051509
1083,27136.6288000718,19,2253.19025276782
1084,62724.6361155994,40,9255.13775534296
1085,32921.8485788442,44,2553.21277794851
1086,28482.6495498419,20,329.450042227758
1087,44170.221737586,24,2168.75173497275
1088,60664.3716036342,22,5873.410979425699
1089,64501.93042866889,33,12147.3142194935
1090,28237.5173922628,50,2728.1899444629503
1091,67420.59544660151,21,3668.9947836488
1092,55642.9933919571,39,2841.69798234271
1093,56086.0580927692,35,3990.8507597519397
1094,57676.739180460594,21,10504.6681673838
1095,62535.6328487396,39,9490.26419041115
1096,60686.7685727775,48,10614.130949683
1097,25032.300937455097,46,680.9047821836081
1098,22228.3452912234,33,2187.21333714559
1099,41435.1537520997,35,3702.1714277833794
1100,43955.4094034247,52,7833.47776141374
1101,60063.693094998605,59,6766.29418079942
1102,34635.7447491027,19,4859.2352866332
1103,63944.3237264641,33,12213.949339898401
1104,35403.427334968,35,2929.3597040424297
1105,53654.079365078396,44,6587.77555584342
1106,23508.2307294942,53,4622.84106541178
1107,61869.46603003889,36,1040.4936732261099
1108,20674.897083081298,24,299.825137750899
1109,22127.9241074808,61,1777.82855129135
1110,27408.729614689903,38,2591.02894660536
1111,60720.7960961387,39,3278.1797272838203
1112,34760.0193158723,34,28.8825344418559
1113,23057.3639203794,47,2487.16518212314
1114,42380.995063576804,36,6832.6848165415895
1115,37887.5493933447,24,5061.77783089573
1116,39988.740736153,54,357.088124203472
1117,25026.505643036202,63,3845.74184934565
1118,43588.0814259872,40,6453.05797893021
1119,20897.4266937003,28,2940.4239697461103
1120,24904.6246684156,53,3376.90746524937
1121,66068.6350357719,36,5626.86933989185
1122,36126.231092493996,41,3805.8027214255
1123,23626.726788934302,34,2173.7676901031896
1124,30200.243256986098,63,4871.67757618979
1125,65569.7852419689,62,12494.2672598523
1126,20617.261009756498,47,2224.06813417899
1127,25817.4546225928,22,3682.8619314122707
1128,21448.8279935904,32,1989.18297633362
1129,69370.17763732,52,4605.91877302795
1130,34145.7995516248,31,4074.9525911100395
1131,52651.256863027804,57,6529.019522377729
1132,40069.3383812904,43,3646.05161791101
1133,39246.544886846095,48,919.1146400240359
1134,56233.7895436212,58,9642.09253829297
1135,49264.268325641795,19,801.779606017874
1136,30451.6361607239,42,475.42059173565497
1137,28726.996299810697,35,3675.83341454456
1138,20113.2534933276,30,2507.64970973955
1139,43434.7754274495,52,3672.10982821562
1140,59208.716084249296,31,11479.4378054928
1141,69310.9572678804,42,1590.32580358526
1142,60567.4244393595,40,571.9329349300431
1143,22048.8950423896,54,4199.0243561842
1144,66733.7102512829,53,5366.64079316339
1145,22209.0095095336,22,4096.783714405129
1146,49032.6624060981,55,1777.9531313067498
1147,26558.361055795096,58,22.327933177844
1148,49255.457967519804,37,4951.91577108814
1149,30218.1512280367,48,5914.516662335041
1150,56317.08282046019,25,8045.4409532236705
1151,53825.430576689505,45,431.45016120131004
1152,34927.9936100356,54,1957.0579294027698
1153,53287.385024596,60,4432.66544443383
1154,32032.5567433611,50,4582.93827444975
1155,48405.726805795,48,3766.6144347919103
1156,46132.9140514135,27,3216.4912546542305
1157,29049.071487970697,58,2562.69555387066
1158,68550.6878583692,19,3879.6726518436103
1159,47474.819601047806,38,5083.72827173068
1160,50021.655408199906,24,1054.26808471871
1161,64089.1319070943,37,6272.78844958014
1162,28451.7055656761,42,1042.8503755962402
1163,58132.4712652713,29,5491.03560172096
1164,30961.166140623398,32,162.79559613813998
1165,64162.649614736394,54,6938.012519684549
1166,67470.11702274901,52,12715.2947207366
1167,68263.7662440538,43,4124.33040419948
1168,42889.3341613002,58,6340.708854775439
1169,20155.792362056698,42,3489.95714756947
1170,58178.614573553205,50,10948.4994895604
1171,45735.4556932114,53,2944.5373541645
1172,30037.203133106203,39,1247.01279101851
1173,64392.512214835704,38,4513.24371213783
1174,26291.375798173198,52,1094.17752939053
1175,36008.3809983917,21,3709.3044307035298
1176,54953.9796588942,45,365.646185165774
1177,28753.325487487004,49,4990.3690908292
1178,41993.9843169414,36,6644.34421410885
1179,56696.458596270495,58,9686.63030666495
1180,51906.0461595654,37,10235.2726101919
1181,30939.3933787942,48,6115.82233293271
1182,38520.7239701413,57,4176.9499552691605
1183,33489.0398592688,26,3581.6550468118603
1184,52836.0064304434,38,5671.64432790405
1185,51733.28750999639,25,7906.14117885321
1186,41273.771498818,32,3299.88507211045
1187,68223.6843090504,29,7364.001944720329
1188,28222.8789106011,40,613.240620104445
1189,21921.3610794395,62,1901.14392165499
1190,38852.933018933996,27,7513.18286435755
1191,59621.3676431216,54,7014.62270759084
1192,41377.745596692,46,5324.04818485217
1193,54405.62497125941,57,6253.20667662182
1194,60103.0115666799,56,2632.26561303191
1195,67528.6542088725,53,7877.4151313516795
1196,61156.937379855706,32,3250.00608359258
1197,42955.6945967488,45,2962.8251862479497
1198,46923.0467732996,36,3107.8837824180296
1199,24951.257491484303,62,2544.3560030506196
1200,26267.5294233486,34,59.469163350624704
1201,64603.9208793081,33,11264.6911597501
1202,34667.0204005204,19,2827.28940194175
1203,66008.3970683627,19,9189.61151437781
1204,45840.2076200582,32,5299.2397193039005
1205,32188.016239088,49,4659.9533251724
1206,50289.66474812481,24,6127.38168790854
1207,36837.5308508985,55,1598.18356896296
1208,28852.0338060334,44,5705.98616300577
1209,68127.1668104455,48,12099.9702958367
1210,41349.1225149482,54,8083.23220068418
1211,69132.4625792913,33,7621.410218952421
1212,38477.3255954497,27,289.57658198580503
1213,68291.1536470056,47,9577.95514323174
1214,58074.6065406129,60,8551.25989324198
1215,26867.1082612127,33,1730.1519065694001
1216,32348.450149875098,60,3229.82006262472
1217,31044.3917568773,50,4465.872768882849
1218,29279.7497869469,19,2291.9881185651802
1219,35145.100187510296,48,510.739968904777
1220,44405.28066363191,34,3917.8760982038793
1221,42059.6369006671,55,5310.271528649289
1222,28612.203062512002,59,4948.488069855121
1223,46546.7045479454,61,254.843578632033
1224,22832.3239297606,33,3318.4077865437102
1225,21565.921539440802,44,4136.76112621072
1226,26078.2135813497,32,3665.88089899456
1227,60503.547852858894,20,6766.53302048682
1228,31233.307758811898,42,1662.4536164880801
1229,34505.800930783196,49,2151.6965921599804
1230,35485.1182713173,47,2482.0422504401604
1231,45986.3534010947,20,7112.926157135659
1232,43308.1789803691,35,6777.1982462325295
1233,53284.1196795925,32,849.545184282307
1234,68398.2874779031,37,8106.859292919659
1235,64743.7070659362,56,4304.92910889776
1236,68412.6098453999,28,551.84308108532
1237,59695.1071452349,28,8889.92840808923
1238,32406.5707321279,21,3394.65824024028
1239,33184.1959781013,60,4580.097830766021
1240,47688.2505742833,35,1377.01840698314
1241,42591.5952352807,45,4602.24584082719
1242,34051.5280421823,36,6224.15288632328
1243,61800.0343837775,30,9143.611708737571
1244,45360.716274008206,27,4569.99498661641
1245,20252.123456448302,27,3360.0594135198903
1246,30134.7096031532,44,958.998081921469
1247,56217.326496262096,52,2866.5858997554997
1248,31722.7309499867,35,2877.7561038956
1249,60178.4461922944,33,3203.61543829573
1250,51144.2430480383,38,3411.65642431526
1251,22449.077391065697,36,1187.4269503018
1252,44932.875111699104,27,622.912810540852
1253,40929.4839412905,20,2352.28711613826
1254,31092.2677209601,44,5617.993125845799
1255,44743.551632855095,53,2574.70775577185
1256,60770.229022018604,34,2242.8257603424104
1257,43528.4843132831,60,2264.72515178074
1258,25008.9495256543,63,2941.0281549276397
1259,47433.4154208191,60,9139.14371046925
1260,50064.346373546905,29,417.63310584167704
1261,60348.413563333495,60,3037.9681472571
1262,67471.1271002889,27,4448.41232274551
1263,30492.875671479902,62,4834.73864381419
1264,25640.0788831525,23,3105.4430213977303
1265,55040.75816599651,53,8352.061533316
1266,34476.7063786276,23,898.133906760723
1267,23345.8664547652,38,4548.11028864043
1268,24426.029871683597,35,823.8351619830189
1269,65849.8896681704,31,5051.30238814197
1270,60454.5256518759,41,7875.070925940841
1271,22680.318430066098,55,1743.7746848123402
1272,44471.873731818094,20,5883.660557890999
1273,46572.320004925095,59,721.3416051022009
1274,24369.8412482627,62,1366.53602502689
1275,56830.2728631534,37,10462.740449564399
1276,46942.9965177551,56,2187.0654844887
1277,42521.7907107435,55,6745.81770760811
1278,63188.328528776794,51,3960.8556473890703
1279,29410.1775204763,23,812.3235343063901
1280,46668.628468178205,58,1833.48584968453
1281,62693.26957874,23,5321.71255785555
1282,65307.1274794638,24,1906.7955301891898
1283,59589.0642888844,21,4191.7158557146
1284,41019.5487947203,23,3005.82686432775
1285,48058.871382381796,48,6527.99022211544
1286,50208.5300209001,35,729.6044302940429
1287,62526.88792767,61,5835.54239114684
1288,48192.185610532804,30,5026.47455722886
1289,30884.0567292646,31,4099.90204534619
1290,36965.7424790785,54,6333.39158836421
1291,43536.0389109701,28,6427.726092600339
1292,69181.6640598699,39,1173.7409424047
1293,64233.040697872595,27,12104.534207988501
1294,52593.5150613077,20,811.907862473912
1295,32282.251752913,43,3345.9419579997602
1296,54077.843278646505,57,7149.066896488221
1297,51595.3574841842,28,385.40336251160005
1298,23097.376483492597,54,4517.5798007499
1299,27407.056202646298,26,2949.93167350781
1300,64395.298068411605,63,10054.634638852
1301,60432.2166577913,42,6300.8689387081395
1302,42990.9828281961,30,4665.58102065705
1303,41581.8899217993,23,7895.112865175709
1304,53289.0652935021,47,8047.14075406577
1305,22372.5052364171,31,1118.92606413711
1306,57119.7396889329,22,10211.7219327373
1307,31112.059419974703,50,424.352131596398
1308,68936.32135353981,43,11073.1585048799
1309,20436.3312851638,57,2356.18197012062
1310,20583.6121737957,22,53.1862073427052
1311,58988.305802922696,20,4728.25954236021
1312,45311.831838917,27,3103.8122277069
1313,60856.830985285305,37,10238.4962972866
1314,45818.2832505554,48,8137.1644030735
1315,20904.5554790646,41,2606.0237760494
1316,49908.2918674685,30,2903.03612840759
1317,55988.295276183606,31,7745.75480897024
1318,62125.258105807,21,5700.45719520566
1319,48822.7209588513,61,599.347887026431
1320,29976.8290994689,58,3796.03274043959
1321,41944.268187508,61,1203.70052925741
1322,36970.3604420647,34,1268.5063826011901
1323,39992.7191133611,21,4999.2020148962
1324,42450.5430436693,62,6210.280586951011
1325,42146.93762362,24,7367.25824696371
1326,52841.5164374746,18,5957.386323536291
1327,66418.9563062973,63,9340.544462232521
1328,44047.666555270596,27,2096.9175014220605
1329,24821.214126422998,19,874.324255506621
1330,35583.6185440421,63,27.252482247280398
1331,25289.6072389558,21,2130.79353472588
1332,39770.128664095,45,280.878547416661
1333,59511.1387013458,29,2520.51445210598
1334,51211.6540386342,46,4093.3600060362605
1335,56530.4972743616,46,5957.993317069289
1336,42604.4629816897,42,7942.16814459979
1337,66642.0077485964,56,4958.0677755079405
1338,35527.8344871476,47,325.119591532296
1339,66896.7653112486,32,387.394420295952
1340,51980.359542649196,35,6243.04502975119
1341,40081.4205571078,43,770.7775495685299
1342,50167.67174704,42,5592.65180728153
1343,39545.9595881402,44,5787.6580446965
1344,43372.3976067267,55,474.525326666737
1345,33084.1698497534,59,5762.46995805143
1346,53187.9796460271,64,4879.84613933048
1347,48290.880459826396,30,4902.97522079205
1348,66078.76935042441,46,3664.6214515027505
1349,51547.166663222,53,6563.41157975832
1350,39393.140578176804,53,5415.05466726812
1351,69592.0108282007,63,13025.0565706657
1352,54588.5011949576,31,2847.8191727088
1353,44964.0105990693,48,693.2147137703861
1354,46081.6455469467,50,1487.7860414097597
1355,45564.015354029805,22,715.836604414868
1356,62657.602543477005,28,5771.08825374589
1357,67921.63211386651,36,1399.8754718255402
1358,59514.012378640495,57,2504.7226488011997
1359,48422.5361072458,42,3520.5659009445294
1360,22001.3174507767,32,2155.8121729811
1361,52529.6987663023,19,9808.190939503142
1362,24061.463160906,35,3980.57878313095
1363,23450.872132089,34,1419.80552276132
1364,32866.578239481896,45,6037.007732557621
1365,30958.9079627767,44,1558.9307648094
1366,27550.8952722885,30,3944.2193177008794
1367,36024.9378881417,52,4155.44929016665
1368,46801.274286117405,35,5315.97382040511
1369,27082.718983292598,60,4990.55712316988
1370,65435.0353800692,20,12727.9975513072
1371,59295.7410775125,51,493.714429947331
1372,45435.2672374807,21,2143.38697161442
1373,61742.6095809788,35,326.98956762450297
1374,31396.8660123646,35,3719.23013486841
1375,35916.7041536421,54,6401.18948620131
1376,43969.6041564457,25,7455.92015661369
1377,60624.8153652996,40,6740.71613617934
1378,69939.3296777271,56,2225.2245333151
1379,69755.3201625124,45,13766.051239333701
1380,69478.3987640403,23,10229.4078769501
1381,34192.1605216339,28,5233.66322803221
1382,57457.857944537005,51,3608.80520160367
1383,63910.3346550837,57,8986.718948176229
1384,26643.808993976603,19,1413.7832242580898
1385,23985.075419768702,24,2284.20912920209
1386,63660.648807417594,50,7832.57241133557
1387,44102.33009140941,21,842.569077270774
1388,29409.8058994859,42,3388.56092327455
1389,49294.659313745804,37,4574.85478041434
1390,39553.6473765969,54,7063.8980358062
1391,68583.0410500057,57,2922.2886852381
1392,31060.6062575243,53,3729.9746499427
1393,29190.324624069,60,5239.59477294428
1394,63437.700148206204,55,11963.364215854399
1395,35243.0632268079,36,748.9407178924
1396,36475.3535296768,63,413.311163077388
1397,63271.6088253073,23,11298.172191103702
1398,45540.325522888495,59,1490.47025130926
1399,68565.3855022974,21,1231.5373682641
1400,20063.0995840766,24,2495.13299137587
1401,44222.2622036934,56,7443.48670694591
1402,67839.2444550991,48,5609.326602439561
1403,54009.6922824159,49,884.735504669608
1404,52234.0753511526,48,9255.842933769849
1405,28423.1314714998,62,5282.8491817832
1406,52623.4375941567,50,1156.31970334277
1407,25636.3335694186,56,1239.6882584746902
1408,60842.941158916794,60,6608.96879522724
1409,36727.745998650804,58,7287.540764449741
1410,63830.7474367321,35,5271.62698185449
1411,43108.414560556404,22,647.879378621526
1412,25285.261129029102,20,1027.57779209235
1413,57646.2429063395,63,1452.4933777984197
1414,51027.5676078163,62,3313.3004103866497
1415,37389.7723783739,34,7365.93891557773
1416,65017.5934936851,27,1017.16654456031
1417,20595.934584271203,45,1330.0676379117501
1418,56445.473914500304,56,6875.57968295662
1419,60864.3217524514,44,3704.0321262762604
1420,51231.010425835804,63,813.0279886810209
1421,41103.1369166449,63,3644.3019034828294
1422,56267.0508213341,43,8238.11502092605
1423,20774.8458185233,36,1347.33161169418
1424,46424.2212288082,59,4087.1807070511104
1425,29909.554000478198,63,4495.27875332798
1426,62808.5050662048,57,6465.750589588941
1427,41243.8051356003,52,4161.57314849677
1428,46089.147885795704,63,1618.21835749227
1429,69191.2333760411,57,6270.5740351263
1430,60846.6650056653,33,8974.49202107934
1431,66558.9343686588,49,3090.99245474831
1432,27428.281870670602,54,1287.6320807617
1433,60912.798955105194,61,3870.33389343645
1434,28127.5094533339,41,3279.55782415037
1435,64029.5434789732,36,1644.33917692447
1436,61836.7356178351,30,10971.9746358776
1437,37005.0718472339,59,1068.8873978829902
1438,56003.573401831105,18,3639.90003844081
1439,58038.926245644696,54,538.230522684501
1440,29237.2562037781,25,23.916427866718898
1441,33265.7905458473,22,5968.4420381087
1442,66236.9271554053,36,2756.97230030986
1443,41978.7125010043,53,1603.92486156568
1444,63453.223130200095,24,10668.3635123802
1445,24985.590663272902,50,2017.13994839746
1446,53593.113196548096,63,1428.18921413846
1447,54179.721865802996,53,10028.0158575977
1448,20126.4137681574,36,1432.3558619028302
1449,51180.839706212304,57,2875.44522980166
1450,36455.7015057653,38,3437.0768952533504
1451,39188.9452864416,22,3545.1622485755497
1452,47852.92690387,39,3295.3200609455102
1453,20014.4894700497,43,2426.30622270591
1454,28630.009507760402,27,4406.99505612761
1455,66688.91312321651,48,9690.30879814676
1456,53226.194407325194,44,5686.64311580018
1457,35609.4783451408,48,2574.09343236607
1458,64065.682857763,43,771.71749424679
1459,54935.658378526605,43,7921.83050973712
1460,67800.5813318305,29,5035.13937788411
1461,46893.336710054406,44,9131.86441883589
1462,54648.9669755101,56,10674.7702051663
1463,31410.5072920211,36,5797.292398100711
1464,36989.5895407535,34,556.55594070128
1465,33198.1282844208,30,4285.38691174949
1466,47704.380825161905,22,2717.0794847261104
1467,30569.5727048442,37,4752.5575717228
1468,61398.687066975996,63,9008.154521284408
1469,67750.8259937167,34,6855.986311283559
1470,47637.8620299511,51,6708.67359111538
1471,38357.5175236911,26,2548.41391592928
1472,43156.3052744605,28,2413.01190680546
1473,41101.5429464169,36,5240.1143734774205
1474,59475.4971843213,37,2628.2621240183803
1475,40708.9194096625,33,5532.3438431879
1476,30391.473304480296,59,2072.63406602468
1477,46024.1445619613,24,4318.37772179352
1478,66529.4852154329,59,6337.6749385873
1479,68115.9803341143,37,7458.559482000691
1480,38423.0842860416,29,3676.56835427872
1481,33227.2801827639,23,6470.410380719821
1482,61674.4572343305,55,4054.5517710623208
1483,26931.0682476498,41,3668.6467729337
1484,60040.9938418306,44,2659.6945405820397
1485,26181.242410093502,43,2618.9734974882103
1486,61552.2175142542,61,4042.53973374386
1487,29705.074725206898,42,1912.20509104439
1488,53934.8122710362,21,2085.81763906667
1489,23007.3878820986,49,2296.79532725441
1490,48552.843409124805,29,5650.88968761866
1491,66370.88875751941,63,5176.36116095836
1492,49140.2698610909,44,8832.65170692964
1493,39684.9817992188,34,2590.92817525105
1494,32025.4044537432,38,217.48852796721002
1495,55568.1794579141,43,6114.867545566911
1496,45898.513523861795,25,5617.178645345511
1497,39217.909919098,30,864.624052947255
1498,34070.603996515296,27,1401.6850611281197
1499,66768.361213617,49,4255.36763560122
1500,31400.8584292606,63,4464.40426807541
1501,49335.7572634704,44,2549.62047351317
1502,51774.0525119007,48,1508.76177567629
1503,43064.6473472007,44,787.047189746112
1504,41226.1346750893,49,2155.66005854711
1505,43044.5177759975,61,1661.71345972499
1506,33546.2920414284,55,5347.29550689902
1507,69209.3308712356,26,6284.83357255315
1508,32291.5445477702,39,277.387568479942
1509,66274.0728980862,22,11576.542236597901
1510,34102.7912031859,42,1269.25457474922
1511,21144.5628711954,21,703.363922990578
1512,41049.9745910056,50,5890.11364359475
1513,36351.2777304277,34,6619.83268303124
1514,63144.4592075422,32,812.572549581062
1515,32086.9135367684,28,6362.39035410808
1516,28873.167319688902,62,992.5777176640449
1517,65359.29615376519,19,7707.240563210759
1518,49064.2884676345,43,5636.353440223261
1519,23763.0605627783,39,2950.31486311935
1520,51845.9425587207,43,8750.83208800708
1521,67035.32642452049,46,11276.6225405751
1522,49240.762500558,53,8004.35984024104
1523,36132.3275882751,19,3009.39733978784
1524,67006.8064867519,36,3692.1691720194
1525,39453.6456139758,32,436.935246909842
1526,52205.607055220804,25,1135.1522255492
1527,46319.416798651204,45,1523.07205829741
1528,29398.7274216488,41,4673.766197510329
1529,31135.607713367797,19,2457.9136896619
1530,65603.8167583756,19,11775.3545787462
1531,41362.5083677471,44,607.9656119507911
1532,60302.558999974295,52,6509.698608005079
1533,54468.279208522305,24,68.6254562680885
1534,47683.715778403,32,4752.28787681676
1535,38160.1164978929,31,3429.9015786975897
1536,22925.8120805025,35,2547.27974185242
1537,64087.858812417806,38,722.519589232964
1538,65824.5156565681,41,2643.10643205609
1539,53451.931539457306,50,10529.7234876203
1540,36455.4847055115,35,2464.16232121798
1541,39573.3414380811,29,5785.88427485782
1542,41052.365784999,50,4652.95174811759
1543,37895.1817331836,55,6071.34020471132
1544,44827.23377179349,56,2639.91684550513
1545,28341.086772270497,40,2248.24291357626
1546,56887.2027960606,36,10969.5966863322
1547,25146.5956843458,21,2890.65279259851
1548,54739.164519123704,28,7218.9682240579195
1549,30497.204505372796,28,4573.59408976341
1550,25358.897941187002,41,2220.22559978896
1551,29993.5633013956,49,2749.5856968328803
1552,64675.779482349804,31,4628.60300266554
1553,56256.038874853395,22,5452.24453174869
1554,31702.3342987522,28,3587.7223890690298
1555,34113.113284111,31,6360.15489740922
1556,44666.0128468648,55,7548.44437291303
1557,39421.366835012996,26,6111.961017092231
1558,21683.1937246025,46,339.592268926788
1559,65697.592839133,36,5644.653158554979
1560,68657.7893025242,36,2427.94988726108
1561,66981.4129988663,27,6678.56280037054
1562,45971.133494749694,27,4776.49048616368
1563,42965.9927543253,45,8109.05140901618
1564,50895.8103414625,19,5556.83987007072
1565,46175.0319390558,37,1064.0818754243699
1566,44984.89911668,52,4584.611815906
1567,66941.86486303809,23,12380.624706792
1568,31022.1448470838,39,6144.939435945949
1569,46583.199598826504,33,6241.27050834808
1570,56201.841430738605,43,8346.32092177162
1571,31587.0648645796,56,2677.8257134135
1572,40716.1908852868,26,2389.7007594319502
1573,64966.0656391643,28,11495.731101963702
1574,68503.2058903016,19,3580.46367722387
1575,33867.5022637472,30,5714.026373679871
1576,54195.015172008396,39,6649.801458944879
1577,50565.3370916843,63,693.196416870457
1578,57216.1010163836,32,3554.3893651037897
1579,29849.967143964,40,3678.89967602364
1580,29072.15179177,38,1589.43843220617
1581,29775.1422203146,21,3327.23623483166
1582,46672.7131442167,55,1408.49771708358
1583,66393.71115481481,59,9540.416625887621
1584,29338.256448973,26,5120.40679717739
1585,67289.5856830291,27,13376.7977060636
1586,45980.334344785704,32,5929.09802983651
1587,34163.6256477796,46,6617.40017195646
1588,52216.815801803,24,6803.33339273416
1589,62313.2776282728,61,925.795592135596
1590,49205.6370992213,25,3393.85658908614
1591,65688.7315027416,25,3673.8704148985707
1592,43489.8284543306,52,6501.041225662329
1593,40966.6745271534,47,2393.52414875071
1594,37261.4471171983,24,2075.5198219004
1595,58775.4038907588,46,5673.599822075799
1596,39395.8304123953,36,7557.8733378587
1597,21144.162146374598,58,987.7941458290891
1598,33126.1327187531,51,4169.992872455129
1599,30931.5060195513,36,1074.78790405487
1600,31936.9420106523,59,4087.9950476953704
1601,38157.029675785496,52,5628.01200410865
1602,21032.8186908737,30,4024.0893667788896
1603,50238.5324728675,35,2567.61515437351
1604,67346.6624622233,35,6752.12245843297
1605,33261.6460206918,18,586.6510961630651
1606,53113.036095164694,59,10080.5243838632
1607,42749.9903179705,56,4626.53863737325
1608,42108.1999246962,27,1020.97816418314
1609,61344.5322075859,20,7172.65433235279
1610,54738.6822919361,27,6210.728279474511
1611,69695.1504494064,26,8418.25315995041
1612,62507.3547754437,28,6590.777229734051
1613,61922.7746431716,25,1933.08292037314
1614,58023.7237666734,43,2785.7795625491303
1615,27010.8837680891,37,2373.17525529916
1616,21194.6161743253,26,1102.84809429723
1617,68338.0974037573,34,12840.6967096981
1618,67772.7936813608,42,5037.9338614917
1619,67131.8026888184,58,2271.4045367837102
1620,33159.2172780074,42,2135.5321373166003
1621,66087.0884708129,51,11039.288718792099
1622,60362.344274762996,25,10306.705364572199
1623,54609.465184621506,18,5618.20456988315
1624,63637.281830888205,27,9955.225361701909
1625,40918.5702959076,37,3813.6992679593104
1626,51486.1303195357,34,3955.11335056197
1627,44896.2564859539,49,3787.63914107534
1628,24877.6844050735,30,1546.42288551626
1629,52263.355504255705,34,10161.9466747561
1630,42775.5255065858,39,6145.98775686718
1631,67064.0136743896,18,8945.28946874109
1632,50307.944677770094,52,7207.9411733377
1633,37432.680958882,23,4445.502385401021
1634,30084.15883407,18,737.253724397632
1635,61427.4146431126,20,2163.31248732975
1636,54718.852792866506,30,2883.28410681555
1637,47923.5755093396,57,6931.716435305071
1638,22880.727604497202,18,1909.21513932129
1639,46118.5501003638,24,2728.31148575531
1640,35082.3856936768,41,2918.47772058734
1641,38387.322279159,30,6453.507839377479
1642,57413.572240620895,44,9421.29841256448
1643,28198.0973365717,62,4370.79361949515
1644,50117.8570371121,33,3599.0688208868105
1645,34876.332925632596,53,3102.34705911763
1646,64126.4916793443,19,4956.94156453161
1647,41916.692680679305,48,6106.10958603407
1648,50052.292929031,27,5589.328271244829
1649,39158.9175141416,41,6887.738420899979
1650,62219.037539325705,20,5831.52142854804
1651,67151.3186115772,52,3941.69867338911
1652,46166.163128800705,26,901.7531176543961
1653,23881.7865075544,33,1190.63010538961
1654,48445.1131243259,39,8733.44221481746
1655,32441.6520120576,59,840.714206590161
1656,33820.186513476096,61,4342.17811096838
1657,61812.901350203894,53,3124.31240923735
1658,25347.5726628676,62,2188.50308566908
1659,33965.5237086117,44,3123.89873794984
1660,23641.702677123198,57,4203.50355956808
1661,50660.9042454511,52,7511.0034944948
1662,44037.2439846396,58,5269.518402890621
1663,51657.1239614859,35,609.350885818378
1664,46573.244377505,53,5533.29218872027
1665,26922.462221700698,44,3950.0007899560496
1666,48414.2515389249,22,2105.7095047383104
1667,43974.840529263,47,8371.493105428
1668,65913.8320060447,23,12972.418362774399
1669,64715.9989736974,61,11173.808451968202
1670,25481.9879122078,48,4005.81614803106
1671,54170.5326107331,37,1048.93237153118
1672,51653.7047387101,20,1853.41915551256
1673,66054.5062320307,39,10321.0987007481
1674,60019.447135273396,19,6978.34712803046
1675,31523.9528589882,62,5697.0214691969295
1676,65660.9485438094,22,93.1526418784096
1677,61893.4836401604,19,6038.16266197042
1678,49230.0982051529,48,8375.729867077429
1679,38337.8294692375,56,5691.09348958924
1680,64016.4333907887,44,10048.3942099748
1681,46308.645156677805,41,6815.48514146401
1682,66209.1442663223,45,7134.65611853662
1683,47770.71142336349,34,5366.868792741489
1684,29856.486320495602,18,4731.81686363074
1685,21451.4972921461,52,1719.03804390983
1686,59673.170447349505,57,7533.679838739879
1687,47481.4296397381,20,9402.87611781971
1688,36219.7729106992,57,4280.79419881294
1689,59458.704343996906,56,1513.3276370025303
1690,67010.8409761451,52,11646.910605904099
1691,58693.419424817,27,4033.15351918701
1692,43041.0413932987,47,2245.50527811304
1693,31920.412722975,52,217.18796207658002
1694,32771.1254055612,59,1853.68197037988
1695,55487.14712960651,32,178.692471563294
1696,68406.8071702495,46,2491.4608613576397
1697,37277.1230572835,28,4242.64064753559
1698,39762.5265805982,26,3809.3471551494604
1699,41674.2431395687,55,3203.2046561695597
1700,25789.742025081097,45,4442.3317798669705
1701,24575.0598888844,37,1667.7487671760098
1702,58082.360103726394,60,9175.66731776003
1703,67881.8804956973,53,10503.5712534477
1704,50115.05489703269,27,3447.00215249966
1705,40443.2036262006,34,1857.25232688308
1706,65824.83738195151,20,154.945616250235
1707,51199.8698394746,22,4064.8180932401897
1708,67032.2894630954,44,5487.820265810829
1709,42205.6829021312,23,2444.73719560844
1710,37730.3621079773,52,5273.55935226625
1711,47398.3110440895,50,9041.87883545742
1712,48933.209693059296,50,5071.3718912882205
1713,53078.8558349013,49,10566.3538692233
1714,53236.992999445596,58,703.602197848316
1715,58121.954689268,58,5161.1074086113595
1716,57261.151394341105,40,2527.7559225466603
1717,52102.5909041055,19,8799.819841916751
1718,45165.9259549342,38,5534.5507976726
1719,58809.2924724333,37,5470.58784591839
1720,36598.340473137796,42,6849.2948103027
1721,62096.282611601106,25,8034.74777409028
1722,68114.0709831379,47,4325.09926791081
1723,67978.4668539651,23,7382.502551328309
1724,26615.5242966488,53,3458.19361435323
1725,51254.37000999231,51,8747.20862916447
1726,34428.9726391435,27,6016.61509078929
1727,60974.587143864504,34,6165.65881962793
1728,63330.7345490903,30,5170.89985156585
1729,58168.474065605595,27,2935.36765668552
1730,59579.6092110686,51,2319.36285651329
1731,52219.895499292805,48,6560.469542035439
1732,28700.872585177403,29,5090.31049085575
1733,27193.743053357997,21,4518.8583509090395
1734,67417.5709998235,30,6478.40253245573
1735,57341.4327739738,23,784.894856825166
1736,64056.536117568605,49,5982.80503901825
1737,66370.6935057417,38,5906.0343086742605
1738,45045.431649777995,59,8489.40598539328
1739,58609.13148382679,22,4270.5329956158
1740,53289.0679710545,32,7395.513416308141
1741,60309.328830335304,34,2343.07383332144
1742,45139.4863938913,20,1743.69146395254
1743,22815.640612971,62,2749.0798436118102
1744,45215.0146872737,28,383.85016732649905
1745,40568.075182382,36,5990.3186079527695
1746,43721.2518113665,55,5923.392464496321
1747,38129.754869733,19,3964.7292778685996
1748,22547.961636446402,58,2957.2957122300895
1749,57468.0594424717,62,8452.955623884442
1750,25534.6735171042,38,1084.96694239575
1751,26325.503392145,56,3336.13147168388
1752,65913.8308418915,36,11738.9157053453
1753,67119.1359567456,18,2725.2403131963197
1754,62020.468134432995,57,114.20988809934299
1755,37965.8493376337,28,299.054705855901
1756,62114.856024272696,31,12115.892310922
1757,36871.061758138196,46,792.71105443821
1758,65030.909345950895,37,2231.97616645921
1759,23193.6045968905,42,548.596116253349
1760,59568.6243195087,41,7685.3267435919
1761,50527.5841732509,27,5639.24568873359
1762,60776.110207662,34,10382.439679089
1763,61632.2827106342,34,3028.5913283043797
1764,45930.4526494816,50,7765.2528273280905
1765,25857.7655931003,42,1810.23233886952
1766,55093.921225052305,55,6485.3015902704
1767,42301.3344802894,20,1480.61489018621
1768,51903.5342545249,60,8807.867970998092
1769,64398.146157618605,36,1674.90563293026
1770,41089.5108291879,58,997.184168539689
1771,36727.5508982129,25,794.5568182373869
1772,38163.394543808,63,454.30767679965993
1773,35949.8964087106,57,3680.17702845819
1774,44979.802186135195,33,6045.0894869837
1775,48211.5818350576,31,2606.12469797143
1776,28267.0899457298,55,965.3732272185181
1777,33816.223340109,60,5265.743252438289
1778,33078.995980322405,36,6278.31627900097
1779,36019.8171972297,43,2987.96212327688
1780,34238.5302926414,63,6002.935110435239
1781,62064.5206817426,23,2972.38102277662
1782,44867.61524342,56,366.101104406139
1783,37162.8882177174,29,3110.53114737451
1784,65680.9480208904,63,8838.23130454766
1785,58772.8574802168,47,7048.0053433926705
1786,32435.2481099777,43,5685.405228108671
1787,58028.2131955028,50,5753.89502717095
1788,60595.275326632,62,4534.490221631359
1789,36565.8038924448,20,1888.3347360569896
1790,20742.6969707012,62,2295.81809350674
1791,46666.6380106471,19,7677.82385557827
1792,32203.56693957,61,838.0214411221621
1793,36535.315394867204,30,271.725187722127
1794,28163.2950692438,58,2121.1519558446303
1795,39019.357743673,32,3196.5597688723497
1796,24709.083249326803,55,1915.3855935111899
1797,43052.968562115,32,488.93727346723296
1798,25003.916111309103,53,2183.71342628562
1799,46696.8926647678,34,4732.4981439056
1800,50112.4621997587,41,5067.03292510384
1801,43265.9003231674,45,6194.072050483471
1802,67802.6944561861,49,13443.4731764345
1803,55408.705950249,43,10300.28124769
1804,67048.8930004649,55,10839.9137599877
1805,40262.597640976295,52,6535.851950033779
1806,46427.499181590996,62,5671.45055982651
1807,46911.197102163,23,4263.85358792053
1808,57359.55243464559,35,10011.410682346
1809,34569.3046390079,64,6254.52761697167
1810,52797.4010375328,21,1080.42349008036
1811,56630.39526436481,58,8442.89137257217
1812,45245.7397524267,36,1974.0099040035502
1813,20803.6145358346,62,758.43484908373
1814,57717.606790829406,49,3153.22282858557
1815,20647.887645755,20,725.456868595806
1816,59046.457153745,37,8237.046828605171
1817,62662.2588303871,25,1965.9213566813899
1818,33614.4946096465,46,4837.78751067317
1819,48765.128867235,50,5183.859126382
1820,57240.7569433562,42,313.627941832336
1821,49973.6664630473,44,363.89991696954
1822,41255.9396866709,46,5296.90777315783
1823,61129.7231563367,35,11302.7676868696
1824,48938.583435956396,60,3028.83461924592
1825,68648.2413951308,28,9425.70730928511
1826,41250.828541815295,39,7651.577271506509
1827,22415.654761716698,41,4371.71544106113
1828,24112.4993935227,36,3285.4999476636103
1829,41692.605176940604,62,1708.71250339329
1830,23516.727697569902,27,559.905322890733
1831,53812.2264831327,45,3245.0416673940003
1832,29750.294801779102,46,3627.98707739863
1833,22633.676922414503,38,553.520858639322
1834,28713.8305185363,55,1936.81325684877
1835,63321.909266524,19,8092.982779946221
1836,35276.5879873186,29,6820.315403719871
1837,35914.6093064919,61,520.996033494828
1838,31568.144324701298,64,5067.4100131801
1839,39934.0674909763,32,184.74430235095198
1840,48614.8496787064,61,5984.95078361862
1841,29838.1248069927,26,5913.64955570739
1842,57745.3588764183,37,5540.4640473639
1843,44447.529297322,33,2714.4031075508897
1844,51768.0053412914,31,6632.036202597321
1845,34891.1404423416,55,6152.31449154773
1846,45382.8078974038,43,2742.45497541323
1847,40719.4903166965,23,6415.0862444378
1848,55145.785007625804,58,8968.67887727982
1849,48752.4240789935,31,8934.78576079228
1850,55763.4274172597,31,7913.83773387785
1851,36431.1614120379,46,6783.361362639921
1852,40522.828283719704,64,7720.7804890635
1853,42465.6697479077,58,7314.97632170726
1854,38561.9440395385,46,4831.11117052535
1855,54957.449673675,60,6976.4632747324
1856,24822.069837246097,29,2361.1668022374397
1857,25252.4877362885,24,434.86745161344703
1858,25671.742581762403,19,2272.14762045204
1859,60672.1455859952,43,6279.6870072868005
1860,60729.9492391758,41,5006.850087456421
1861,40240.7275559381,27,7498.630446855849
1862,57513.8174626045,33,6921.4910285276
1863,64287.3976309784,46,6301.594778224129
1864,48428.033646196105,34,7718.479795185201
1865,55313.832247629805,25,9733.11318882571
1866,27045.3995722346,50,2503.7883995275
1867,58216.0719833337,27,9581.83330584003
1868,34722.9648311622,22,4073.41190141951
1869,58503.7710075267,42,7050.43252621121
1870,55299.7872396372,62,8052.38128314598
1871,49501.905920915306,51,2226.81958036494
1872,61765.7090350986,60,3649.6431030705103
1873,48430.993668735,19,6069.64909380359
1874,66366.9574237429,42,465.011565756224
1875,55320.7800071687,29,5990.7169731882705
1876,48774.2881570011,63,3728.48334170117
1877,61679.9531551078,24,3060.0301677130396
1878,61485.179599840194,60,3211.6702808546397
1879,24402.4401693605,52,101.218538140203
1880,21258.9027755894,54,706.619738681604
1881,48763.6805442162,28,8172.05250385158
1882,24406.89381212,38,1733.40311054441
1883,61693.5863089748,26,1568.8636891672
1884,22748.033043462798,27,108.62991134456199
1885,21479.9467171542,24,1098.0733647218801
1886,51286.6564025171,46,1134.23438387685
1887,27153.6639239639,49,3177.5173724981896
1888,36370.493976865,40,2855.2160995866902
1889,32400.5449586548,62,3591.7975053486207
1890,60434.1644258238,63,2474.24811229965
1891,57303.479760885195,52,10491.6321514839
1892,42994.6822393686,36,4453.824616990561
1893,68339.807940647,23,2505.86839812077
1894,49292.3031374812,21,967.134588168133
1895,57802.429695148,43,6796.59093473349
1896,50779.3807936832,39,6859.836595599039
1897,35993.9897595905,54,93.89580488374209
1898,21771.129341796,34,350.44554839511903
1899,61414.8012641817,57,9743.60925907749
1900,35784.6634858288,47,110.202890548355
1901,24791.186703369,40,4844.68098269435
1902,49048.7573598512,52,6363.11366818686
1903,69852.0587221719,62,9246.26505750173
1904,21217.7474563941,21,2690.76813397945
1905,48031.06741048401,44,7826.32590939549
1906,64072.3132225685,61,2426.0086222937603
1907,56689.4638980739,41,5740.591697530911
1908,45769.2595245317,56,8236.47651886542
1909,35020.4887730069,25,6832.803041888821
1910,56751.9285064191,59,7877.33004149761
1911,27363.631797488797,44,3215.26309296887
1912,48455.7174076326,27,1780.5073342770602
1913,21424.0913325921,37,1795.2239577898397
1914,69992.33271228151,42,52.872190279850905
1915,68110.2399528027,32,11029.667709698899
1916,48015.554742887594,28,54.0082423765092
1917,23102.2177892737,36,1779.5745284350799
1918,46134.8541360348,55,8716.61125941204
1919,48547.961381264,57,1940.87069929917
1920,26095.0269107707,58,5143.49041556889
1921,64057.844788767405,60,5774.281958129571
1922,24454.1906216182,52,864.9687379108341
1923,40506.944006774596,52,5961.53181600807
1924,43421.0457419977,27,4705.75708282464
1925,55881.5417974256,33,8383.07416484486
1926,45917.6006889902,45,8253.273858040659
1927,52901.9095399417,60,729.3773771563091
1928,41183.8246555999,56,7606.993238559659
1929,25379.9154818989,25,4693.11169707689
1930,27514.0884728171,36,192.144610510401
1931,44241.28300044691,20,8733.179295151309
1932,29076.3377142139,41,286.264434196967
1933,60536.9128682651,32,3132.55183069445
1934,47881.9559956901,38,5575.63564838086
1935,49144.371056463606,52,1633.03577963806
1936,33707.801036071,60,321.578931158535
1937,46442.282786592805,29,1484.56154845106
1938,25602.957250084703,28,2214.92249276823
1939,61236.396075692,36,6562.9038372817295
1940,48187.347878702,56,2003.41184966425
1941,29933.2019337453,19,5953.52187129338
1942,41027.9073566198,45,4369.21887593705
1943,49990.6601081602,46,1896.75499382091
1944,59792.5085853785,24,660.241452576494
1945,35879.519993905,41,5335.40349911225
1946,29102.221718057997,27,1890.4474777119
1947,30047.8194071911,51,5768.742734990649
1948,59299.162721727,37,4944.05626409444
1949,64484.0147974901,33,1391.6018015385198
1950,36352.4222909473,44,6239.24752554114
1951,66034.75430049,61,3913.7821239381606
1952,51650.2713714726,40,3743.00343686135
1953,31898.159910924704,41,2015.18296932815
1954,58780.233496800094,19,5029.70763593419
1955,67754.1046682745,43,2989.95099658697
1956,48500.2681543119,61,7054.60614935761
1957,55704.7981582582,49,5594.332971007149
1958,50458.9582025073,52,9852.889427216229
1959,48263.003425672694,29,7798.793462982109
1960,38755.1627052017,56,4244.49803308998
1961,68131.66429521519,57,7813.23982954838
1962,28991.423936095096,37,1249.34756391816
1963,35108.5579534993,41,4002.99127617087
1964,28858.5988734849,24,3764.8151742023297
1965,22800.796774681698,28,3740.9009356876704
1966,29572.9758962989,39,5006.25382336323
1967,21982.0173736662,35,4265.17370408717
1968,45576.8383620307,39,4952.65334579666
1969,55068.6689373106,52,4852.7665976795
1970,56441.016243770704,43,9043.75604444505
1971,68047.9253106751,48,4023.06476529586
1972,36275.735863018795,30,644.384194795452
1973,52389.366847928606,55,10398.8205918487
1974,23678.3761112019,47,1779.8145966117602
1975,37707.6429477893,31,268.29097076779595
1976,57753.5689622164,54,5067.44996385047
1977,30529.963287990497,48,6046.84084474272
1978,44022.268736735,31,1707.6728696492498
1979,58533.884682692595,41,7832.44332069255
1980,33702.531834133,48,922.036589731527
1981,40236.8720667437,53,4354.314411943979
1982,62619.1559876315,44,3959.6117718741402
1983,50738.36219264191,46,9719.56279821605
1984,64466.760137584104,33,8537.36966588191
1985,64636.4021860063,61,2583.1064251157
1986,22371.522190515,39,2291.85642755991
1987,67994.9884698726,39,7289.014109090091
1988,49640.00470237809,21,5760.858733716
1989,42067.246446386,24,4601.60618266029
1990,43662.0926880278,25,7269.59689733384
1991,34237.5754192472,34,2658.0906316048604
1992,26300.4465540871,46,2317.39367782209
1993,30803.806164767597,23,623.024152762279
1994,54421.4101554826,27,3273.63182294932
1995,24254.7007906251,38,2225.28464348945
1996,59221.0448742844,49,1926.7293969037698
1997,69516.1275728606,23,3503.1761563262603
1998,44311.449262313494,28,5522.786693255141
1999,43756.0566049069,64,1622.72259832146
2000,69436.57955154781,56,7378.833598730591
